ipAddress,count
182.180.77.216,1
116.90.97.148,1
203.124.50.151,1
58.65.166.172,1
160.187.180.247,1
58.65.211.220,1
182.180.154.234,1
58.27.134.52,1
182.176.138.162,1
182.180.53.169,1
119.156.228.177,1
210.2.131.130,1
124.29.237.27,1
103.159.24.51,1
58.27.217.7,1
58.27.200.19,1
103.4.103.61,1
182.184.75.7,1
58.27.196.114,1
203.130.24.42,1
58.27.253.6,1
203.81.213.46,1
111.68.98.152,1
121.52.147.5,1
202.166.165.236,1
203.124.44.146,1
182.180.59.208,1
182.180.53.247,1
125.209.84.253,1
175.107.196.29,1
182.191.78.9,1
160.187.180.252,1
110.39.181.194,1
125.209.67.56,1
